{
  "data": [
    {
      "name": "컬리세일",
      "img": "./img/categoryIcon/1.png",
      "subdata": [
        { "name": "특가상품" },
        { "name": "한정수량" },
        { "name": "베스트상품" },
        { "name": "이벤트상품" },
        { "name": "기획상품" }
      ]
    },
    {
      "name": "채소",
      "img": "./img/categoryIcon/2.png",
      "subdata": [
        { "name": "친환경" },
        { "name": "고구마・감자・당근" },
        { "name": "시금치・쌈채소・나물" },
        { "name": "브로콜리・파프리카・양배추" },
        { "name": "양파・대파・마늘・배추" },
        { "name": "오이・호박・고추" },
        { "name": "냉동・이색・간편채소" },
        { "name": "콩나물・버섯" }
      ]
    },
    {
      "name": "과일・견과・쌀",
      "img": "./img/categoryIcon/3.png",
      "subdata": [
        { "name": "친환경" },
        { "name": "제철과일" },
        { "name": "국산과일" },
        { "name": "수입과일" },
        { "name": "간편과일" },
        { "name": "냉동・건과일" },
        { "name": "견과류" },
        { "name": "쌀・잡곡" }
      ]
    },
    {
      "name": "수산・해산・건어물",
      "img": "./img/categoryIcon/4.png",
      "subdata": [
        { "name": "제철수산" },
        { "name": "생선류" },
        { "name": "굴비・반건류" },
        { "name": "오징어・낙지・문어" },
        { "name": "새우・게・랍스터" },
        { "name": "해산물・조개류" },
        { "name": "수산가공품" },
        { "name": "김・미역・해조류" }
      ]
    },
    {
      "name": "정육・가공육・계란",
      "img": "./img/categoryIcon/5.png",
      "subdata": [
        { "name": "국내산 소고기" },
        { "name": "수입산 소고기" },
        { "name": "돼지고기" },
        { "name": "계란류" },
        { "name": "닭・오리고기" },
        { "name": "양념육・돈까스" },
        { "name": "양고기" }
      ]
    },
    {
      "name": "국・반찬・메인요리",
      "img": "./img/categoryIcon/6.png",
      "subdata": [
        { "name": "국・탕・찌개" },
        { "name": "밀키트・메인요리" },
        { "name": "밑반찬" },
        { "name": "김치・젓갈・장류" },
        { "name": "두부・어묵・부침개" },
        { "name": "베이컨・햄・통조림" }
      ]
    },
    {
      "name": "간편식・밀키트・샐러드",
      "img": "./img/categoryIcon/7.png",
      "subdata": [
        { "name": "밥류" },
        { "name": "국・탕・찌개" },
        { "name": "밀키트" },
        { "name": "김치・반찬・절임" },
        { "name": "샐러드・도시락" },
        { "name": "닭가슴살" },
        { "name": "떡볶이・볶음밥" },
        { "name": "죽・스프" }
      ]
    },
    {
      "name": "면・양념・오일",
      "img": "./img/categoryIcon/8.png",
      "subdata": [
        { "name": "파스타・면류" },
        { "name": "빵・핫도그" },
        { "name": "오일・소스" },
        { "name": "조미료・액젓" }
      ]
    },
    {
      "name": "생수・음료",
      "img": "./img/categoryIcon/9.png",
      "subdata": [
        { "name": "생수・탄산수" },
        { "name": "음료・주스・우유" },
        { "name": "커피" },
        { "name": "차・티백" }
      ]
    },
    {
      "name": "커피・차",
      "img": "./img/categoryIcon/10.png",
      "subdata": [
        { "name": "스페셜티 원두" },
        { "name": "홀빈・분쇄 원두" },
        { "name": "드립백・커피백" },
        { "name": "캡슐커피" },
        { "name": "인스턴트커피・커피믹스" },
        { "name": "콜드브루・커피음료" },
        { "name": "녹차・보리차・홍차" },
        { "name": "액상차・청・코코아・밀크티" },
        { "name": "커피・차 선물세트" },
        { "name": "커피머신" },
        { "name": "커피용품" }
      ]
    },
    {
      "name": "간식・과자・떡",
      "img": "./img/categoryIcon/11.png",
      "subdata": [
        { "name": "과자・스낵・쿠키" },
        { "name": "초콜릿・젤리" },
        { "name": "떡・한과" },
        { "name": "아이스크림" }
      ]
    },
    {
      "name": "베이커리",
      "img": "./img/categoryIcon/12.png",
      "subdata": [
        { "name": "식빵・빵류" },
        { "name": "베이글・머핀" },
        { "name": "도넛・케이크" },
        { "name": "크래커・쿠키" }
      ]
    },
    {
      "name": "유제품",
      "img": "./img/categoryIcon/13.png",
      "subdata": [
        { "name": "우유・요거트" },
        { "name": "치즈" },
        { "name": "버터・생크림" }
      ]
    },
    {
      "name": "건강식품",
      "img": "./img/categoryIcon/14.png",
      "subdata": [
        { "name": "영양제" },
        { "name": "홍삼・인삼" },
        { "name": "건강즙・건강음료" }
      ]
    },
    {
      "name": "와인・위스키",
      "img": "./img/categoryIcon/15.png",
      "subdata": [
        { "name": "와인" },
        { "name": "위스키" },
        { "name": "샴페인" }
      ]
    },
    {
      "name": "전통주",
      "img": "./img/categoryIcon/16.png",
      "subdata": [
        { "name": "막걸리" },
        { "name": "소주" },
        { "name": "전통주" }
      ]
    },
    {
      "name": "주방용품",
      "img": "./img/categoryIcon/17.png",
      "subdata": [
        { "name": "주방도구" },
        { "name": "조리도구" },
        { "name": "식기류" }
      ]
    },
    {
      "name": "생활용품・리빙",
      "img": "./img/categoryIcon/18.png",
      "subdata": [
        { "name": "욕실용품" },
        { "name": "청소용품" },
        { "name": "세탁용품" }
      ]
    },
    {
      "name": "가전제품",
      "img": "./img/categoryIcon/19.png",
      "subdata": [
        { "name": "주방가전" },
        { "name": "생활가전" },
        { "name": "청소기" }
      ]
    },
    {
      "name": "가구・인테리어",
      "img": "./img/categoryIcon/20.png",
      "subdata": [
        { "name": "가구" },
        { "name": "침구류" },
        { "name": "인테리어 소품" }
      ]
    },
    {
      "name": "유아동",
      "img": "./img/categoryIcon/21.png",
      "subdata": [
        { "name": "유아용품" },
        { "name": "아동용품" },
        { "name": "유아식" }
      ]
    },
    {
      "name": "스포츠・레저・캠핑",
      "img": "./img/categoryIcon/22.png",
      "subdata": [
        { "name": "스포츠용품" },
        { "name": "레저용품" },
        { "name": "캠핑용품" }
      ]
    },
    {
      "name": "반려동물",
      "img": "./img/categoryIcon/23.png",
      "subdata": [
        { "name": "강아지 용품" },
        { "name": "고양이 용품" },
        { "name": "기타 반려동물 용품" }
      ]
    },
    {
      "name": "럭셔리뷰티",
      "img": "./img/categoryIcon/24.png",
      "subdata": [
        { "name": "스킨케어" },
        { "name": "메이크업" },
        { "name": "향수" }
      ]
    },
    {
      "name": "스킨케어・메이크업",
      "img": "./img/categoryIcon/25.png",
      "subdata": [
        { "name": "스킨케어" },
        { "name": "메이크업" },
        { "name": "클렌징" }
      ]
    },
    {
      "name": "헤어・바디・구강",
      "img": "./img/categoryIcon/26.png",
      "subdata": [
        { "name": "샴푸・컨디셔너" },
        { "name": "바디워시・스크럽" },
        { "name": "구강청결제・치약" }
      ]
    },
    {
      "name": "패션",
      "img": "./img/categoryIcon/27.png",
      "subdata": [
        { "name": "여성의류" },
        { "name": "남성의류" },
        { "name": "신발・가방・액세서리" }
      ]
    },
    {
      "name": "컬리상품권",
      "img": "./img/categoryIcon/28.png",
      "subdata": [{ "name": "온라인상품권" }, { "name": "오프라인상품권" }]
    }
  ]
}
